<!-- 
		This license file is automatically generated.  Changing
		parameters will invalidate the license.  Deleting this file
		will cause it to be re-initialized when Codeweaver is reloaded.

		To restore valid licenses, simply copy over the other license.xml
		file to this location, replacing this file.

		/* DEFAULT STANDARD EDITION LICENSE */
		/* Features restricted:             */
		/*		(o) Source Code Control     */
		/*		(o) Plugins Limit is 3      */

		To purchase a license, please visit www.torquedev.com.
-->

<LicenseFile>
	<LicensedToUser>Standard Edition User</LicensedToUser>
	<LicensedToCompany>Codeweaver IDE</LicensedToCompany>
	<LicenseLimit>Unlimited</LicenseLimit>
	<LicenseSerial>CWF-134444-00UL</LicenseSerial>
	<FeatureBits>
		<!-- The sequence of this matters; do not change -->
		<Feature id="0" active="true" />
		<Feature id="1" active="true" />
		<Feature id="2" active="true" />
		<Feature id="3" active="true" />
		<Feature id="4" active="true" />
		<Feature id="5" active="true" />
		<Feature id="6" active="true" />
		<Feature id="7" active="false" />
		<Feature id="8" active="false" />
		<Feature id="9" active="true" />
		<Feature id="10" active="true" />
		<Feature id="11" active="true" />
		<Feature id="12" active="true" />
		<Feature id="13" active="false" />
		<Feature id="14" active="false" />
		<Feature id="15" active="true" />
		<Feature id="16" active="false" />
	</FeatureBits>
	<Expires>Never</Expires>
	<Version>1.2</Version>
	<VersionUpperLimit>1.3</VersionUpperLimit>
	<Signature>h0laEyQn6g/aheGjS7B5G9Y0oQ8i52LyJJTXzvG/WVfVy/WacjfQng==</Signature>
</LicenseFile>
<!-- EOF -->